{"loss": 0.05584557726979256, "iter": 999, "dt": 0.012528181076049805, "acc": 0.9895833134651184, "_timestamp": 1720978534.673767, "_runtime": 17.77639603614807, "_step": 999, "_wandb": {"runtime": 17}}