{"loss": 0.0738246962428093, "iter": 999, "dt": 0.011968374252319336, "acc": 0.9791666865348816, "_timestamp": 1720978238.6592557, "_runtime": 18.62604784965515, "_step": 999, "_wandb": {"runtime": 18}}