{"loss": 0.1066104993224144, "iter": 765, "dt": 0.013236284255981445, "acc": 0.96875, "_timestamp": 1720978462.8788905, "_runtime": 15.816576480865479, "_step": 765, "_wandb": {"runtime": 15}}